Workbook
Name Sl_Location: #N/A
Name Sl_Shift: #N/A

Sheet Sheet1
A1: Date | B1: Warehouse_Location | C1: Employee_ID | D1: Shift_Type | E1: Hours_Worked | F1: Hourly_Rate | G1: Orders_Processed | H1: Shipment_Delay_Minutes | I1: Labour cost | J1: Order proceced/Hr
A2: 45658 | B2: North | C2: EMP1001 | D2: Day | E2: 8 | F2: 22.5 | G2: 145 | H2: 5 | I2: =E2*F2 -> 180 | J2: =Table1[[#This Row],[Orders_Processed]]/Table1[[#This Row],[Hours_Worked]] -> 18.125 | L2: =AVERAGE(E2:E202) -> 8.4726368
A3: 45658 | B3: North | C3: EMP1002 | D3: Day | E3: 8 | F3: 24 | G3: 132 | H3: 12 | I3: =E3*F3 -> 192 | J3: =Table1[[#This Row],[Orders_Processed]]/Table1[[#This Row],[Hours_Worked]] -> 16.5 | L3: =SUM(F2:F202) -> 5042.5
A4: 45658 | B4: North | C4: EMP1003 | D4: Night | E4: 10 | F4: 22.5 | G4: 110 | H4: 35 | I4: =E4*F4 -> 225 | J4: =Table1[[#This Row],[Orders_Processed]]/Table1[[#This Row],[Hours_Worked]] -> 11
A5: 45658 | B5: South | C5: EMP1015 | D5: Day | E5: 8 | F5: 28 | G5: 160 | H5: 2 | I5: =E5*F5 -> 224 | J5: =Table1[[#This Row],[Orders_Processed]]/Table1[[#This Row],[Hours_Worked]] -> 20
A6: 45658 | B6: South | C6: EMP1016 | D6: Night | E6: 12 | F6: 28 | G6: 140 | H6: 42 | I6: =E6*F6 -> 336 | J6: =Table1[[#This Row],[Orders_Processed]]/Table1[[#This Row],[Hours_Worked]] -> 11.666667
A7: 45659 | B7: East | C7: EMP1025 | D7: Day | E7: 8 | F7: 21 | G7: 115 | H7: 18 | I7: =E7*F7 -> 168 | J7: =Table1[[#This Row],[Orders_Processed]]/Table1[[#This Row],[Hours_Worked]] -> 14.375
A8: 45659 | B8: East | C8: EMP1026 | D8: Night | E8: 8 | F8: 21 | G8: 98 | H8: 44 | I8: =E8*F8 -> 168 | J8: =Table1[[#This Row],[Orders_Processed]]/Table1[[#This Row],[Hours_Worked]] -> 12.25
A9: 45659 | B9: North | C9: EMP1001 | D9: Day | E9: 8 | F9: 22.5 | G9: 150 | H9: 0 | I9: =E9*F9 -> 180 | J9: =Table1[[#This Row],[Orders_Processed]]/Table1[[#This Row],[Hours_Worked]] -> 18.75
A10: 45659 | B10: North | C10: EMP1005 | D10: Day | E10: 9 | F10: 32 | G10: 185 | H10: 4 | I10: =E10*F10 -> 288 | J10: =Table1[[#This Row],[Orders_Processed]]/Table1[[#This Row],[Hours_Worked]] -> 20.555556
A11: 45659 | B11: North | C11: EMP1004 | D11: Night | E11: 8 | F11: 25.5 | G11: 120 | H11: 28 | I11: =E11*F11 -> 204 | J11: =Table1[[#This Row],[Orders_Processed]]/Table1[[#This Row],[Hours_Worked]] -> 15
A12: 45660 | B12: South | C12: EMP1017 | D12: Day | E12: 8 | F12: 24 | G12: 130 | H12: 8 | I12: =E12*F12 -> 192 | J12: =Table1[[#This Row],[Orders_Processed]]/Table1[[#This Row],[Hours_Worked]] -> 16.25
A13: 45660 | B13: South | C13: EMP1018 | D13: Night | E13: 10 | F13: 26.5 | G13: 125 | H13: 31 | I13: =E13*F13 -> 265 | J13: =Table1[[#This Row],[Orders_Processed]]/Table1[[#This Row],[Hours_Worked]] -> 12.5
A14: 45660 | B14: East | C14: EMP1027 | D14: Day | E14: 8 | F14: 23 | G14: 110 | H14: 15 | I14: =E14*F14 -> 184 | J14: =Table1[[#This Row],[Orders_Processed]]/Table1[[#This Row],[Hours_Worked]] -> 13.75
A15: 45660 | B15: East | C15: EMP1028 | D15: Night | E15: 8 | F15: 23 | G15: 105 | H15: 48 | I15: =E15*F15 -> 184 | J15: =Table1[[#This Row],[Orders_Processed]]/Table1[[#This Row],[Hours_Worked]] -> 13.125
... A202: 45716 | B202: North | C202: EMP1004 | D202: Night | E202: 8 | F202: 25.5 | G202: 112 | H202: 33 | I202: =E202*F202 -> 204 | J202: =Table1[[#This Row],[Orders_Processed]]/Table1[[#This Row],[Hours_Worked]] -> 14

Sheet Dashboard
A2: Interactive Slicers | F2: Total Labour Cost | I2: Avg Orders Processed/Hr | N2: Avg Delay [Minutes] per Shift | Q2: Global Productivity [Orders/Hr]
F3: =Sheet1!L3 -> 5042.5 | I3: =TEXT(Sheet1!L2, "0.00") & "↗" -> 8.47↗ | N3: =TEXT(AVERAGE(Sheet1!H2:H202), "0.00") & "↗" -> 20.80↗ | Q3: =TEXT(AVERAGE(Sheet1!J2:J202),"0.00") & "↗" -> 16.21↗
F4: =Sheet1!L3 -> 5042.5
F22: Data Insights Toronto North consistently shows higher productivity. Evening/night shift operations run with similar underlying labor allocation but exhibit divergent output. Key trends: • Toronto North consistently shows higher productivity volumes. • Structural bottlenecks appear during specific evening handoff windows.
X24: #VALUE!

Sheet Backend_Pivots
A3: Row Labels | B3: Total Labour Cost | E3: Row Labels | F3: Avg Orders/Hr | G3: Avg Delay | J3: Row Labels | K3: Total Cost | L3: Total Orders
A4: East | B4: 4704 | E4: Night | F4: 13.364469 | G4: 38.580247 | J4: 45658 | K4: 561 | L4: 250
A5: North | B5: 7837.5 | E5: Grand Total | F5: 13.364469 | G5: 38.580247 | J5: 45659 | K5: 372 | L5: 218
A6: South | B6: 4941 | J6: 45660 | K6: 449 | L6: 230
A7: Grand Total | B7: 17482.5 | J7: 45661 | K7: 270 | L7: 140
J8: 45662 | K8: 416 | L8: 210
J9: 45663 | K9: 224 | L9: 105
J10: 45664 | K10: 240 | L10: 118
J11: 45665 | K11: 176 | L11: 100
J12: 45666 | K12: 180 | L12: 105
J13: 45667 | K13: 208 | L13: 110
J14: 45668 | K14: 467 | L14: 242
J15: 45669 | K15: 276 | L15: 145
J16: 45670 | K16: 180 | L16: 100
J17: 45671 | K17: 416 | L17: 220
J18: 45672 | K18: 224 | L18: 108
J19: 45673 | K19: 288 | L19: 150
... J55: 45716 | K55: 2104 | L55: 1175
J56: Grand Total | K56: 17482.5 | L56: 9405
